Customer_ID,first_purchase_date,last_purchase_date,total_purchases,total_revenue,avg_purchase_value,total_frequency,mean_frequency,avg_rating,avg_discount_used,mean_return_rate,recency_days,R_score,F_score,M_score,RFM_score,RFM_segment,is_repeat_customer
00-149-4481,2024-02-04,2024-02-04,1,464.76,464.76,2,2.0,1.0,0.0,0.0,313,1,1,4,6,Potential Loyalists,0
00-265-0556,2024-11-01,2024-11-01,1,68.02,68.02,10,10.0,2.0,1.0,1.0,42,3,1,1,5,At Risk,0
00-335-5034,2024-08-12,2024-08-12,1,411.4,411.4,3,3.0,3.0,1.0,2.0,123,2,1,4,7,Potential Loyalists,0
00-520-4376,2024-10-03,2024-10-03,1,97.97,97.97,2,2.0,5.0,1.0,0.0,71,3,1,1,5,At Risk,0
00-733-8770,2024-12-08,2024-12-08,1,57.5,57.5,12,12.0,1.0,1.0,0.0,5,4,1,1,6,Potential Loyalists,0
01-484-8220,2024-02-10,2024-02-10,1,330.27,330.27,3,3.0,2.0,1.0,1.0,307,1,1,3,5,At Risk,0
01-925-4021,2024-04-09,2024-04-09,1,292.08,292.08,7,7.0,2.0,0.0,2.0,248,1,1,3,5,At Risk,0
02-004-0620,2024-11-10,2024-11-10,1,167.61,167.61,2,2.0,5.0,1.0,2.0,33,3,1,2,6,Potential Loyalists,0
02-100-4320,2024-01-11,2024-01-11,1,71.72,71.72,12,12.0,5.0,1.0,2.0,337,1,1,1,3,Low Value,0
02-676-9312,2024-04-04,2024-04-04,1,191.21,191.21,7,7.0,4.0,0.0,2.0,253,1,1,2,4,Low Value,0
02-725-7664,2024-10-03,2024-10-03,1,294.61,294.61,6,6.0,1.0,0.0,0.0,71,3,1,3,7,Potential Loyalists,0
03-623-6767,2024-11-05,2024-11-05,1,423.23,423.23,12,12.0,3.0,0.0,0.0,38,3,1,4,8,Loyal,0
03-827-4021,2024-06-03,2024-06-03,1,129.82,129.82,12,12.0,2.0,0.0,2.0,193,1,1,1,3,Low Value,0
03-874-9055,2024-03-09,2024-03-09,1,437.06,437.06,7,7.0,5.0,0.0,0.0,279,1,1,4,6,Potential Loyalists,0
03-992-3728,2024-09-05,2024-09-05,1,339.32,339.32,9,9.0,4.0,0.0,1.0,99,2,1,3,6,Potential Loyalists,0
04-052-5592,2024-06-11,2024-06-11,1,144.39,144.39,12,12.0,3.0,1.0,0.0,185,1,1,1,3,Low Value,0
04-809-8989,2024-11-08,2024-11-08,1,239.28,239.28,8,8.0,4.0,0.0,2.0,35,3,1,2,6,Potential Loyalists,0
04-829-7037,2024-10-01,2024-10-01,1,70.42,70.42,11,11.0,5.0,0.0,2.0,73,3,1,1,5,At Risk,0
05-167-0833,2024-01-09,2024-01-09,1,381.3,381.3,12,12.0,1.0,0.0,0.0,339,1,1,3,5,At Risk,0
05-465-8765,2024-12-09,2024-12-09,1,380.99,380.99,7,7.0,2.0,1.0,0.0,4,4,1,3,8,Loyal,0
05-546-5128,2024-03-04,2024-03-04,1,445.34,445.34,9,9.0,2.0,1.0,1.0,284,1,1,4,6,Potential Loyalists,0
06-638-0433,2024-09-03,2024-09-03,1,79.3,79.3,10,10.0,2.0,0.0,2.0,101,2,1,1,4,Low Value,0
06-767-5206,2024-08-12,2024-08-12,1,109.97,109.97,4,4.0,4.0,1.0,1.0,123,2,1,1,4,Low Value,0
07-024-4995,2024-03-11,2024-03-11,1,328.36,328.36,11,11.0,4.0,0.0,0.0,277,1,1,3,5,At Risk,0
07-314-2945,2024-07-03,2024-07-03,1,314.36,314.36,7,7.0,5.0,1.0,1.0,163,2,1,3,6,Potential Loyalists,0
07-395-5818,2024-01-12,2024-01-12,1,198.89,198.89,2,2.0,2.0,0.0,0.0,336,1,1,2,4,Low Value,0
07-560-6637,2024-03-11,2024-03-11,1,287.18,287.18,7,7.0,5.0,1.0,0.0,277,1,1,3,5,At Risk,0
07-751-9620,2024-07-07,2024-07-07,1,297.45,297.45,3,3.0,5.0,0.0,0.0,159,2,1,3,6,Potential Loyalists,0
07-834-3350,2024-09-01,2024-09-01,1,181.87,181.87,12,12.0,1.0,0.0,2.0,103,2,1,2,5,At Risk,0
07-958-2231,2024-02-10,2024-02-10,1,335.8,335.8,9,9.0,5.0,1.0,2.0,307,1,1,3,5,At Risk,0
07-966-8728,2024-03-02,2024-03-02,1,334.22,334.22,8,8.0,2.0,0.0,2.0,286,1,1,3,5,At Risk,0
08-117-9893,2024-10-05,2024-10-05,1,411.62,411.62,6,6.0,1.0,1.0,2.0,69,3,1,4,8,Loyal,0
08-614-6177,2024-12-11,2024-12-11,1,100.32,100.32,2,2.0,1.0,0.0,0.0,2,4,1,1,6,Potential Loyalists,0
08-652-2085,2024-04-09,2024-04-09,1,227.03,227.03,9,9.0,4.0,1.0,2.0,248,1,1,2,4,Low Value,0
08-733-0300,2024-07-01,2024-07-01,1,247.51,247.51,10,10.0,1.0,1.0,1.0,165,2,1,2,5,At Risk,0
09-443-7536,2024-10-07,2024-10-07,1,183.86,183.86,5,5.0,1.0,0.0,1.0,67,3,1,2,6,Potential Loyalists,0
10-300-8072,2024-11-04,2024-11-04,1,290.53,290.53,3,3.0,2.0,1.0,0.0,39,3,1,3,7,Potential Loyalists,0
10-430-5821,2024-11-09,2024-11-09,1,214.82,214.82,9,9.0,4.0,1.0,1.0,34,3,1,2,6,Potential Loyalists,0
10-961-9336,2024-11-09,2024-11-09,1,78.0,78.0,5,5.0,5.0,1.0,1.0,34,3,1,1,5,At Risk,0
11-121-0709,2024-09-02,2024-09-02,1,410.29,410.29,10,10.0,4.0,1.0,2.0,102,2,1,4,7,Potential Loyalists,0
11-719-8800,2024-09-04,2024-09-04,1,346.36,346.36,12,12.0,5.0,0.0,0.0,100,2,1,3,6,Potential Loyalists,0
11-975-9054,2024-04-02,2024-04-02,1,388.26,388.26,2,2.0,1.0,0.0,0.0,255,1,1,4,6,Potential Loyalists,0
12-029-9344,2024-08-12,2024-08-12,1,249.82,249.82,10,10.0,3.0,1.0,2.0,123,2,1,2,5,At Risk,0
12-417-5609,2024-07-01,2024-07-01,1,462.96,462.96,2,2.0,2.0,1.0,2.0,165,2,1,4,7,Potential Loyalists,0
12-440-5464,2024-04-09,2024-04-09,1,215.31,215.31,7,7.0,5.0,0.0,1.0,248,1,1,2,4,Low Value,0
12-699-6543,2024-02-09,2024-02-09,1,214.59,214.59,6,6.0,1.0,1.0,1.0,308,1,1,2,4,Low Value,0
12-851-1771,2024-10-07,2024-10-07,1,123.73,123.73,9,9.0,4.0,0.0,2.0,67,3,1,1,5,At Risk,0
13-571-6506,2024-07-02,2024-07-02,1,365.37,365.37,6,6.0,2.0,1.0,1.0,164,2,1,3,6,Potential Loyalists,0
13-588-2488,2024-05-05,2024-05-05,1,276.48,276.48,3,3.0,2.0,0.0,0.0,222,1,1,2,4,Low Value,0
13-792-4356,2024-10-05,2024-10-05,1,162.31,162.31,8,8.0,1.0,0.0,1.0,69,3,1,1,5,At Risk,0
13-848-5757,2024-01-08,2024-01-08,1,498.23,498.23,10,10.0,2.0,1.0,0.0,340,1,1,4,6,Potential Loyalists,0
14-025-2335,2024-01-02,2024-01-02,1,64.22,64.22,9,9.0,1.0,1.0,1.0,346,1,1,1,3,Low Value,0
14-854-9545,2024-02-01,2024-02-01,1,440.62,440.62,8,8.0,2.0,1.0,1.0,316,1,1,4,6,Potential Loyalists,0
15-152-9751,2024-11-04,2024-11-04,1,338.96,338.96,10,10.0,4.0,1.0,1.0,39,3,1,3,7,Potential Loyalists,0
15-354-9904,2024-09-01,2024-09-01,1,338.2,338.2,7,7.0,5.0,1.0,1.0,103,2,1,3,6,Potential Loyalists,0
15-421-1255,2024-07-03,2024-07-03,1,497.75,497.75,11,11.0,1.0,1.0,2.0,163,2,1,4,7,Potential Loyalists,0
15-530-3861,2024-11-07,2024-11-07,1,111.7,111.7,6,6.0,5.0,0.0,2.0,36,3,1,1,5,At Risk,0
15-711-4107,2024-08-11,2024-08-11,1,87.03,87.03,10,10.0,1.0,0.0,1.0,124,2,1,1,4,Low Value,0
17-032-6274,2024-12-07,2024-12-07,1,240.28,240.28,3,3.0,5.0,1.0,2.0,6,4,1,2,7,Potential Loyalists,0
17-328-4678,2024-05-07,2024-05-07,1,119.51,119.51,11,11.0,5.0,0.0,2.0,220,1,1,1,3,Low Value,0
17-551-9779,2024-04-04,2024-04-04,1,221.88,221.88,12,12.0,4.0,1.0,1.0,253,1,1,2,4,Low Value,0
18-097-5707,2024-08-01,2024-08-01,1,291.6,291.6,2,2.0,3.0,0.0,0.0,134,2,1,3,6,Potential Loyalists,0
18-263-0366,2024-10-08,2024-10-08,1,139.83,139.83,12,12.0,4.0,0.0,0.0,66,3,1,1,5,At Risk,0
18-452-1635,2024-09-12,2024-09-12,1,210.58,210.58,10,10.0,1.0,1.0,1.0,92,2,1,2,5,At Risk,0
18-593-8611,2024-11-07,2024-11-07,1,156.4,156.4,7,7.0,5.0,0.0,1.0,36,3,1,1,5,At Risk,0
18-633-9387,2024-03-09,2024-03-09,1,106.96,106.96,6,6.0,1.0,1.0,0.0,279,1,1,1,3,Low Value,0
18-655-3670,2024-06-12,2024-06-12,1,449.13,449.13,9,9.0,1.0,0.0,2.0,184,1,1,4,6,Potential Loyalists,0
18-938-9896,2024-08-09,2024-08-09,1,422.31,422.31,2,2.0,4.0,1.0,0.0,126,2,1,4,7,Potential Loyalists,0
19-116-4723,2024-05-11,2024-05-11,1,364.98,364.98,7,7.0,1.0,1.0,0.0,216,1,1,3,5,At Risk,0
19-344-0102,2024-10-09,2024-10-09,1,459.3,459.3,9,9.0,4.0,0.0,2.0,65,3,1,4,8,Loyal,0
19-383-9741,2024-04-07,2024-04-07,1,161.41,161.41,9,9.0,4.0,1.0,1.0,250,1,1,1,3,Low Value,0
19-560-0717,2024-04-12,2024-04-12,1,460.88,460.88,5,5.0,4.0,1.0,2.0,245,1,1,4,6,Potential Loyalists,0
19-643-1879,2024-06-12,2024-06-12,1,257.86,257.86,6,6.0,2.0,1.0,0.0,184,1,1,2,4,Low Value,0
19-885-2597,2024-08-04,2024-08-04,1,239.46,239.46,3,3.0,1.0,1.0,2.0,131,2,1,2,5,At Risk,0
19-933-8095,2024-08-05,2024-08-05,1,61.22,61.22,7,7.0,2.0,1.0,1.0,130,2,1,1,4,Low Value,0
19-999-0134,2024-12-06,2024-12-06,1,353.4,353.4,2,2.0,3.0,0.0,0.0,7,4,1,3,8,Loyal,0
20-157-8631,2024-01-12,2024-01-12,1,63.91,63.91,2,2.0,4.0,0.0,0.0,336,1,1,1,3,Low Value,0
20-460-9796,2024-04-01,2024-04-01,1,246.63,246.63,8,8.0,3.0,1.0,2.0,256,1,1,2,4,Low Value,0
20-562-2569,2024-07-07,2024-07-07,1,463.67,463.67,5,5.0,4.0,1.0,2.0,159,2,1,4,7,Potential Loyalists,0
20-648-1010,2024-01-05,2024-01-05,1,109.88,109.88,7,7.0,4.0,0.0,1.0,343,1,1,1,3,Low Value,0
20-699-9217,2024-10-12,2024-10-12,1,356.87,356.87,12,12.0,4.0,0.0,1.0,62,3,1,3,7,Potential Loyalists,0
20-830-4758,2024-07-12,2024-07-12,1,286.43,286.43,4,4.0,3.0,1.0,2.0,154,2,1,3,6,Potential Loyalists,0
21-232-1397,2024-11-07,2024-11-07,1,190.76,190.76,10,10.0,5.0,0.0,1.0,36,3,1,2,6,Potential Loyalists,0
21-821-6398,2024-07-09,2024-07-09,1,142.02,142.02,7,7.0,5.0,1.0,1.0,157,2,1,1,4,Low Value,0
22-022-9256,2024-01-10,2024-01-10,1,303.09,303.09,2,2.0,5.0,0.0,2.0,338,1,1,3,5,At Risk,0
22-234-9315,2024-11-10,2024-11-10,1,360.92,360.92,7,7.0,1.0,0.0,0.0,33,3,1,3,7,Potential Loyalists,0
22-311-5460,2024-05-10,2024-05-10,1,80.17,80.17,10,10.0,1.0,1.0,1.0,217,1,1,1,3,Low Value,0
22-352-0576,2024-04-04,2024-04-04,1,465.85,465.85,10,10.0,3.0,1.0,2.0,253,1,1,4,6,Potential Loyalists,0
22-579-3978,2024-01-06,2024-01-06,1,88.78,88.78,10,10.0,3.0,0.0,1.0,342,1,1,1,3,Low Value,0
22-860-9860,2024-11-11,2024-11-11,1,470.38,470.38,8,8.0,4.0,1.0,2.0,32,3,1,4,8,Loyal,0
23-085-0811,2024-09-06,2024-09-06,1,345.49,345.49,9,9.0,1.0,1.0,0.0,98,2,1,3,6,Potential Loyalists,0
23-246-5927,2024-05-11,2024-05-11,1,249.6,249.6,7,7.0,1.0,1.0,2.0,216,1,1,2,4,Low Value,0
23-253-2565,2024-08-03,2024-08-03,1,461.09,461.09,8,8.0,1.0,1.0,0.0,132,2,1,4,7,Potential Loyalists,0
23-752-2213,2024-06-04,2024-06-04,1,182.72,182.72,5,5.0,1.0,0.0,1.0,192,1,1,2,4,Low Value,0
23-758-1012,2024-02-03,2024-02-03,1,190.06,190.06,9,9.0,1.0,1.0,1.0,314,1,1,2,4,Low Value,0
23-794-8196,2024-04-09,2024-04-09,1,268.28,268.28,9,9.0,2.0,0.0,2.0,248,1,1,2,4,Low Value,0
23-985-3535,2024-02-01,2024-02-01,1,382.49,382.49,6,6.0,2.0,1.0,2.0,316,1,1,3,5,At Risk,0
24-591-4327,2024-04-11,2024-04-11,1,317.09,317.09,6,6.0,1.0,1.0,2.0,246,1,1,3,5,At Risk,0
24-853-1635,2024-12-09,2024-12-09,1,473.28,473.28,5,5.0,5.0,0.0,1.0,4,4,1,4,9,Loyal,0
24-878-4507,2024-08-06,2024-08-06,1,327.05,327.05,9,9.0,4.0,0.0,2.0,129,2,1,3,6,Potential Loyalists,0
25-285-7453,2024-09-07,2024-09-07,1,78.9,78.9,3,3.0,1.0,0.0,0.0,97,2,1,1,4,Low Value,0
25-286-8786,2024-06-07,2024-06-07,1,461.81,461.81,12,12.0,3.0,1.0,0.0,189,1,1,4,6,Potential Loyalists,0
25-502-1415,2024-01-11,2024-01-11,1,54.17,54.17,4,4.0,5.0,0.0,2.0,337,1,1,1,3,Low Value,0
25-839-8670,2024-07-06,2024-07-06,1,382.24,382.24,12,12.0,5.0,1.0,1.0,160,2,1,3,6,Potential Loyalists,0
25-866-7286,2024-05-10,2024-05-10,1,211.39,211.39,10,10.0,5.0,1.0,0.0,217,1,1,2,4,Low Value,0
26-235-6745,2024-02-09,2024-02-09,1,63.6,63.6,12,12.0,1.0,0.0,2.0,308,1,1,1,3,Low Value,0
26-596-5461,2024-08-04,2024-08-04,1,170.77,170.77,9,9.0,2.0,0.0,2.0,131,2,1,2,5,At Risk,0
27-010-9462,2024-08-12,2024-08-12,1,61.19,61.19,2,2.0,5.0,1.0,2.0,123,2,1,1,4,Low Value,0
27-017-7173,2024-07-09,2024-07-09,1,242.65,242.65,3,3.0,3.0,0.0,2.0,157,2,1,2,5,At Risk,0
27-111-2242,2024-10-01,2024-10-01,1,249.02,249.02,11,11.0,2.0,1.0,1.0,73,3,1,2,6,Potential Loyalists,0
27-543-7069,2024-08-05,2024-08-05,1,107.21,107.21,2,2.0,2.0,1.0,2.0,130,2,1,1,4,Low Value,0
27-613-5005,2024-06-06,2024-06-06,1,430.9,430.9,8,8.0,5.0,0.0,0.0,190,1,1,4,6,Potential Loyalists,0
27-806-4972,2024-08-07,2024-08-07,1,469.22,469.22,6,6.0,1.0,0.0,0.0,128,2,1,4,7,Potential Loyalists,0
28-395-9872,2024-05-07,2024-05-07,1,65.68,65.68,4,4.0,4.0,0.0,0.0,220,1,1,1,3,Low Value,0
28-764-3337,2024-12-08,2024-12-08,1,175.65,175.65,11,11.0,3.0,0.0,1.0,5,4,1,2,7,Potential Loyalists,0
28-874-8938,2024-07-01,2024-07-01,1,266.9,266.9,11,11.0,2.0,0.0,1.0,165,2,1,2,5,At Risk,0
29-067-4901,2024-07-07,2024-07-07,1,227.03,227.03,12,12.0,2.0,1.0,2.0,159,2,1,2,5,At Risk,0
29-374-1297,2024-06-04,2024-06-04,1,444.05,444.05,10,10.0,4.0,1.0,1.0,192,1,1,4,6,Potential Loyalists,0
29-625-7057,2024-09-04,2024-09-04,1,489.05,489.05,10,10.0,3.0,1.0,2.0,100,2,1,4,7,Potential Loyalists,0
29-779-3457,2024-01-04,2024-01-04,1,323.39,323.39,10,10.0,3.0,1.0,0.0,344,1,1,3,5,At Risk,0
29-779-7209,2024-04-02,2024-04-02,1,391.38,391.38,5,5.0,2.0,0.0,0.0,255,1,1,4,6,Potential Loyalists,0
29-987-3969,2024-06-03,2024-06-03,1,193.3,193.3,11,11.0,2.0,1.0,2.0,193,1,1,2,4,Low Value,0
30-567-4471,2024-12-04,2024-12-04,1,373.69,373.69,10,10.0,2.0,0.0,1.0,9,4,1,3,8,Loyal,0
30-735-8744,2024-03-02,2024-03-02,1,465.07,465.07,8,8.0,4.0,0.0,1.0,286,1,1,4,6,Potential Loyalists,0
30-975-0306,2024-04-06,2024-04-06,1,105.64,105.64,6,6.0,3.0,1.0,2.0,251,1,1,1,3,Low Value,0
30-987-7421,2024-08-01,2024-08-01,1,365.38,365.38,11,11.0,4.0,0.0,0.0,134,2,1,3,6,Potential Loyalists,0
31-060-2716,2024-09-10,2024-09-10,1,441.87,441.87,3,3.0,2.0,1.0,0.0,94,2,1,4,7,Potential Loyalists,0
31-088-6950,2024-04-01,2024-04-01,1,116.14,116.14,11,11.0,4.0,0.0,0.0,256,1,1,1,3,Low Value,0
31-218-0024,2024-04-08,2024-04-08,1,215.54,215.54,11,11.0,1.0,1.0,2.0,249,1,1,2,4,Low Value,0
32-338-5967,2024-11-01,2024-11-01,1,113.57,113.57,5,5.0,4.0,0.0,1.0,42,3,1,1,5,At Risk,0
32-457-2982,2024-04-04,2024-04-04,1,421.5,421.5,11,11.0,1.0,1.0,0.0,253,1,1,4,6,Potential Loyalists,0
32-799-7704,2024-09-05,2024-09-05,1,402.86,402.86,11,11.0,5.0,0.0,0.0,99,2,1,4,7,Potential Loyalists,0
33-200-7615,2024-02-08,2024-02-08,1,247.3,247.3,2,2.0,4.0,1.0,0.0,309,1,1,2,4,Low Value,0
33-243-8793,2024-07-08,2024-07-08,1,163.4,163.4,3,3.0,5.0,1.0,2.0,158,2,1,1,4,Low Value,0
33-484-6674,2024-07-06,2024-07-06,1,280.05,280.05,10,10.0,1.0,1.0,1.0,160,2,1,3,6,Potential Loyalists,0
33-519-4214,2024-09-12,2024-09-12,1,307.61,307.61,6,6.0,1.0,1.0,0.0,92,2,1,3,6,Potential Loyalists,0
34-016-7909,2024-01-04,2024-01-04,1,131.85,131.85,4,4.0,4.0,1.0,1.0,344,1,1,1,3,Low Value,0
34-094-1923,2024-04-11,2024-04-11,1,173.46,173.46,4,4.0,3.0,0.0,0.0,246,1,1,2,4,Low Value,0
34-265-8558,2024-03-11,2024-03-11,1,429.24,429.24,2,2.0,2.0,0.0,0.0,277,1,1,4,6,Potential Loyalists,0
34-788-8387,2024-06-03,2024-06-03,1,485.76,485.76,10,10.0,4.0,1.0,0.0,193,1,1,4,6,Potential Loyalists,0
34-874-7357,2024-01-02,2024-01-02,1,281.37,281.37,12,12.0,3.0,0.0,0.0,346,1,1,3,5,At Risk,0
35-198-9248,2024-03-04,2024-03-04,1,263.15,263.15,3,3.0,5.0,1.0,1.0,284,1,1,2,4,Low Value,0
35-418-0288,2024-02-02,2024-02-02,1,198.73,198.73,10,10.0,5.0,1.0,1.0,315,1,1,2,4,Low Value,0
35-644-3184,2024-03-04,2024-03-04,1,160.25,160.25,7,7.0,3.0,1.0,2.0,284,1,1,1,3,Low Value,0
35-879-0014,2024-12-04,2024-12-04,1,107.82,107.82,7,7.0,3.0,0.0,2.0,9,4,1,1,6,Potential Loyalists,0
36-274-5269,2024-10-06,2024-10-06,1,291.09,291.09,11,11.0,2.0,1.0,0.0,68,3,1,3,7,Potential Loyalists,0
36-444-5336,2024-11-11,2024-11-11,1,276.25,276.25,11,11.0,1.0,1.0,2.0,32,3,1,2,6,Potential Loyalists,0
36-632-2460,2024-08-08,2024-08-08,1,131.48,131.48,8,8.0,5.0,1.0,2.0,127,2,1,1,4,Low Value,0
36-649-0081,2024-09-12,2024-09-12,1,400.86,400.86,7,7.0,3.0,1.0,1.0,92,2,1,4,7,Potential Loyalists,0
37-065-3182,2024-06-10,2024-06-10,1,201.96,201.96,8,8.0,5.0,0.0,1.0,186,1,1,2,4,Low Value,0
37-100-8709,2024-08-08,2024-08-08,1,117.13,117.13,7,7.0,1.0,1.0,1.0,127,2,1,1,4,Low Value,0
37-128-5425,2024-08-04,2024-08-04,1,392.08,392.08,6,6.0,5.0,1.0,2.0,131,2,1,4,7,Potential Loyalists,0
37-283-9076,2024-03-10,2024-03-10,1,89.6,89.6,7,7.0,3.0,0.0,1.0,278,1,1,1,3,Low Value,0
37-513-5073,2024-02-03,2024-02-03,1,193.76,193.76,10,10.0,3.0,0.0,0.0,314,1,1,2,4,Low Value,0
37-560-7247,2024-10-03,2024-10-03,1,374.36,374.36,4,4.0,2.0,0.0,1.0,71,3,1,3,7,Potential Loyalists,0
37-611-6911,2024-03-01,2024-03-01,1,333.8,333.8,4,4.0,5.0,1.0,1.0,287,1,1,3,5,At Risk,0
37-748-4988,2024-11-04,2024-11-04,1,103.4,103.4,9,9.0,1.0,1.0,1.0,39,3,1,1,5,At Risk,0
38-242-3251,2024-03-03,2024-03-03,1,293.04,293.04,11,11.0,2.0,1.0,1.0,285,1,1,3,5,At Risk,0
38-478-2681,2024-12-04,2024-12-04,1,177.05,177.05,5,5.0,1.0,1.0,2.0,9,4,1,2,7,Potential Loyalists,0
38-587-1781,2024-01-03,2024-01-03,1,149.42,149.42,3,3.0,1.0,1.0,0.0,345,1,1,1,3,Low Value,0
38-830-6976,2024-09-02,2024-09-02,1,86.63,86.63,10,10.0,1.0,1.0,2.0,102,2,1,1,4,Low Value,0
38-881-0766,2024-07-05,2024-07-05,1,299.75,299.75,12,12.0,5.0,0.0,0.0,161,2,1,3,6,Potential Loyalists,0
38-912-1128,2024-03-11,2024-03-11,1,301.6,301.6,4,4.0,5.0,0.0,2.0,277,1,1,3,5,At Risk,0
38-935-1865,2024-07-09,2024-07-09,1,160.82,160.82,7,7.0,1.0,1.0,0.0,157,2,1,1,4,Low Value,0
38-943-5744,2024-08-06,2024-08-06,1,288.15,288.15,3,3.0,4.0,1.0,1.0,129,2,1,3,6,Potential Loyalists,0
39-107-6852,2024-02-09,2024-02-09,1,433.99,433.99,11,11.0,2.0,0.0,0.0,308,1,1,4,6,Potential Loyalists,0
39-274-2175,2024-05-05,2024-05-05,1,79.1,79.1,10,10.0,3.0,1.0,0.0,222,1,1,1,3,Low Value,0
39-499-3854,2024-06-11,2024-06-11,1,166.0,166.0,10,10.0,3.0,0.0,2.0,185,1,1,1,3,Low Value,0
39-952-4459,2024-02-01,2024-02-01,1,257.37,257.37,7,7.0,3.0,1.0,2.0,316,1,1,2,4,Low Value,0
40-149-8247,2024-09-05,2024-09-05,1,336.96,336.96,2,2.0,2.0,1.0,0.0,99,2,1,3,6,Potential Loyalists,0
41-009-7879,2024-01-10,2024-01-10,1,156.5,156.5,5,5.0,1.0,1.0,0.0,338,1,1,1,3,Low Value,0
41-215-6092,2024-05-08,2024-05-08,1,253.37,253.37,12,12.0,5.0,0.0,0.0,219,1,1,2,4,Low Value,0
41-602-4042,2024-01-07,2024-01-07,1,363.91,363.91,10,10.0,1.0,1.0,0.0,341,1,1,3,5,At Risk,0
41-854-0707,2024-06-03,2024-06-03,1,170.35,170.35,10,10.0,1.0,1.0,1.0,193,1,1,2,4,Low Value,0
42-207-5005,2024-12-06,2024-12-06,1,491.51,491.51,2,2.0,5.0,1.0,1.0,7,4,1,4,9,Loyal,0
42-674-3987,2024-05-10,2024-05-10,1,443.52,443.52,5,5.0,3.0,1.0,0.0,217,1,1,4,6,Potential Loyalists,0
42-898-6421,2024-08-04,2024-08-04,1,105.95,105.95,12,12.0,4.0,0.0,1.0,131,2,1,1,4,Low Value,0
43-172-9431,2024-03-02,2024-03-02,1,138.2,138.2,8,8.0,2.0,0.0,0.0,286,1,1,1,3,Low Value,0
43-386-2489,2024-05-02,2024-05-02,1,253.29,253.29,6,6.0,2.0,1.0,1.0,225,1,1,2,4,Low Value,0
43-616-8365,2024-06-09,2024-06-09,1,483.38,483.38,9,9.0,1.0,0.0,2.0,187,1,1,4,6,Potential Loyalists,0
43-990-6454,2024-09-10,2024-09-10,1,438.42,438.42,11,11.0,2.0,1.0,0.0,94,2,1,4,7,Potential Loyalists,0
44-674-4037,2024-07-02,2024-07-02,1,389.7,389.7,12,12.0,4.0,1.0,0.0,164,2,1,4,7,Potential Loyalists,0
44-715-9594,2024-09-03,2024-09-03,1,208.59,208.59,3,3.0,1.0,1.0,0.0,101,2,1,2,5,At Risk,0
44-786-7696,2024-10-03,2024-10-03,1,54.74,54.74,4,4.0,2.0,1.0,0.0,71,3,1,1,5,At Risk,0
44-949-9040,2024-11-07,2024-11-07,1,446.86,446.86,9,9.0,1.0,0.0,0.0,36,3,1,4,8,Loyal,0
45-584-7333,2024-03-04,2024-03-04,1,370.38,370.38,11,11.0,2.0,1.0,1.0,284,1,1,3,5,At Risk,0
45-776-7217,2024-03-03,2024-03-03,1,140.87,140.87,8,8.0,3.0,1.0,2.0,285,1,1,1,3,Low Value,0
46-678-4172,2024-11-05,2024-11-05,1,365.88,365.88,12,12.0,3.0,1.0,0.0,38,3,1,3,7,Potential Loyalists,0
46-978-3874,2024-01-10,2024-01-10,1,91.34,91.34,5,5.0,1.0,1.0,0.0,338,1,1,1,3,Low Value,0
47-073-6440,2024-10-08,2024-10-08,1,487.25,487.25,4,4.0,2.0,0.0,0.0,66,3,1,4,8,Loyal,0
47-356-9730,2024-02-04,2024-02-04,1,441.73,441.73,12,12.0,4.0,1.0,0.0,313,1,1,4,6,Potential Loyalists,0
47-460-8015,2024-03-06,2024-03-06,1,359.45,359.45,6,6.0,1.0,0.0,1.0,282,1,1,3,5,At Risk,0
47-710-5471,2024-09-04,2024-09-04,1,199.64,199.64,11,11.0,4.0,0.0,1.0,100,2,1,2,5,At Risk,0
47-720-9520,2024-04-10,2024-04-10,1,78.71,78.71,5,5.0,3.0,1.0,1.0,247,1,1,1,3,Low Value,0
48-203-9118,2024-12-08,2024-12-08,1,378.47,378.47,6,6.0,2.0,0.0,1.0,5,4,1,3,8,Loyal,0
48-343-1220,2024-08-12,2024-08-12,1,335.32,335.32,6,6.0,3.0,1.0,0.0,123,2,1,3,6,Potential Loyalists,0
48-609-7715,2024-11-02,2024-11-02,1,426.89,426.89,2,2.0,1.0,1.0,1.0,41,3,1,4,8,Loyal,0
48-630-6410,2024-07-04,2024-07-04,1,438.26,438.26,10,10.0,4.0,1.0,1.0,162,2,1,4,7,Potential Loyalists,0
48-825-0400,2024-11-11,2024-11-11,1,407.88,407.88,4,4.0,3.0,0.0,1.0,32,3,1,4,8,Loyal,0
48-980-6078,2024-10-04,2024-10-04,1,101.31,101.31,6,6.0,1.0,1.0,0.0,70,3,1,1,5,At Risk,0
49-469-9163,2024-01-09,2024-01-09,1,118.65,118.65,10,10.0,3.0,1.0,0.0,339,1,1,1,3,Low Value,0
50-303-1693,2024-06-04,2024-06-04,1,187.22,187.22,10,10.0,3.0,0.0,1.0,192,1,1,2,4,Low Value,0
50-510-5119,2024-08-07,2024-08-07,1,322.4,322.4,7,7.0,2.0,1.0,2.0,128,2,1,3,6,Potential Loyalists,0
51-320-2801,2024-10-03,2024-10-03,1,122.99,122.99,12,12.0,5.0,1.0,1.0,71,3,1,1,5,At Risk,0
51-387-9144,2024-07-06,2024-07-06,1,476.48,476.48,8,8.0,2.0,0.0,2.0,160,2,1,4,7,Potential Loyalists,0
51-431-7150,2024-11-03,2024-11-03,1,84.15,84.15,10,10.0,3.0,1.0,2.0,40,3,1,1,5,At Risk,0
52-005-9914,2024-08-06,2024-08-06,1,207.52,207.52,4,4.0,4.0,0.0,1.0,129,2,1,2,5,At Risk,0
52-491-3386,2024-01-05,2024-01-05,1,459.51,459.51,7,7.0,2.0,1.0,0.0,343,1,1,4,6,Potential Loyalists,0
52-908-9971,2024-04-04,2024-04-04,1,467.5,467.5,6,6.0,1.0,0.0,1.0,253,1,1,4,6,Potential Loyalists,0
53-380-3968,2024-04-04,2024-04-04,1,427.82,427.82,9,9.0,5.0,1.0,1.0,253,1,1,4,6,Potential Loyalists,0
53-437-2629,2024-04-08,2024-04-08,1,411.81,411.81,4,4.0,3.0,1.0,1.0,249,1,1,4,6,Potential Loyalists,0
53-595-7635,2024-05-07,2024-05-07,1,455.44,455.44,7,7.0,2.0,0.0,2.0,220,1,1,4,6,Potential Loyalists,0
53-639-3774,2024-02-01,2024-02-01,1,299.31,299.31,7,7.0,4.0,1.0,2.0,316,1,1,3,5,At Risk,0
53-865-9342,2024-10-05,2024-10-05,1,242.57,242.57,7,7.0,1.0,1.0,0.0,69,3,1,2,6,Potential Loyalists,0
53-951-2529,2024-07-11,2024-07-11,1,384.26,384.26,6,6.0,2.0,0.0,0.0,155,2,1,3,6,Potential Loyalists,0
54-164-2243,2024-11-02,2024-11-02,1,298.73,298.73,4,4.0,5.0,0.0,0.0,41,3,1,3,7,Potential Loyalists,0
54-207-8349,2024-12-05,2024-12-05,1,333.63,333.63,8,8.0,5.0,0.0,2.0,8,4,1,3,8,Loyal,0
54-238-5459,2024-03-10,2024-03-10,1,149.52,149.52,9,9.0,5.0,0.0,0.0,278,1,1,1,3,Low Value,0
54-634-0814,2024-11-12,2024-11-12,1,74.69,74.69,10,10.0,3.0,0.0,0.0,31,3,1,1,5,At Risk,0
54-936-4361,2024-08-12,2024-08-12,1,182.89,182.89,2,2.0,3.0,0.0,1.0,123,2,1,2,5,At Risk,0
55-570-3804,2024-03-06,2024-03-06,1,189.97,189.97,2,2.0,3.0,1.0,0.0,282,1,1,2,4,Low Value,0
55-620-7906,2024-04-02,2024-04-02,1,264.52,264.52,9,9.0,3.0,1.0,0.0,255,1,1,2,4,Low Value,0
55-846-2579,2024-09-04,2024-09-04,1,378.14,378.14,6,6.0,2.0,0.0,1.0,100,2,1,3,6,Potential Loyalists,0
55-955-9889,2024-05-05,2024-05-05,1,280.88,280.88,4,4.0,4.0,1.0,0.0,222,1,1,3,5,At Risk,0
56-453-8263,2024-06-06,2024-06-06,1,266.61,266.61,3,3.0,1.0,1.0,2.0,190,1,1,2,4,Low Value,0
56-719-7145,2024-08-12,2024-08-12,1,333.15,333.15,9,9.0,5.0,0.0,1.0,123,2,1,3,6,Potential Loyalists,0
57-345-3921,2024-10-06,2024-10-06,1,393.45,393.45,12,12.0,1.0,0.0,2.0,68,3,1,4,8,Loyal,0
57-372-5969,2024-09-11,2024-09-11,1,442.29,442.29,9,9.0,2.0,0.0,1.0,93,2,1,4,7,Potential Loyalists,0
57-410-7415,2024-06-01,2024-06-01,1,254.73,254.73,6,6.0,3.0,1.0,0.0,195,1,1,2,4,Low Value,0
57-797-8139,2024-02-09,2024-02-09,1,332.14,332.14,10,10.0,4.0,1.0,1.0,308,1,1,3,5,At Risk,0
58-059-8187,2024-07-08,2024-07-08,1,207.66,207.66,10,10.0,3.0,0.0,2.0,158,2,1,2,5,At Risk,0
58-233-5963,2024-04-11,2024-04-11,1,393.09,393.09,8,8.0,3.0,0.0,0.0,246,1,1,4,6,Potential Loyalists,0
58-487-8848,2024-07-11,2024-07-11,1,193.32,193.32,9,9.0,3.0,0.0,0.0,155,2,1,2,5,At Risk,0
58-788-8938,2024-05-10,2024-05-10,1,427.1,427.1,8,8.0,2.0,0.0,0.0,217,1,1,4,6,Potential Loyalists,0
59-971-0799,2024-09-09,2024-09-09,1,476.42,476.42,7,7.0,1.0,1.0,0.0,95,2,1,4,7,Potential Loyalists,0
60-073-3575,2024-03-03,2024-03-03,1,276.77,276.77,2,2.0,1.0,1.0,1.0,285,1,1,2,4,Low Value,0
60-198-5417,2024-12-03,2024-12-03,1,280.2,280.2,3,3.0,2.0,0.0,2.0,10,4,1,3,8,Loyal,0
60-470-3563,2024-05-08,2024-05-08,1,498.33,498.33,2,2.0,5.0,1.0,1.0,219,1,1,4,6,Potential Loyalists,0
60-834-3348,2024-07-09,2024-07-09,1,433.14,433.14,10,10.0,1.0,0.0,2.0,157,2,1,4,7,Potential Loyalists,0
61-212-1117,2024-08-03,2024-08-03,1,419.13,419.13,4,4.0,5.0,0.0,0.0,132,2,1,4,7,Potential Loyalists,0
61-794-8438,2024-07-07,2024-07-07,1,133.04,133.04,12,12.0,3.0,1.0,2.0,159,2,1,1,4,Low Value,0
61-926-1691,2024-10-11,2024-10-11,1,162.24,162.24,7,7.0,3.0,0.0,2.0,63,3,1,1,5,At Risk,0
61-951-7929,2024-12-08,2024-12-08,1,454.15,454.15,11,11.0,1.0,1.0,1.0,5,4,1,4,9,Loyal,0
62-273-8089,2024-10-06,2024-10-06,1,85.03,85.03,9,9.0,4.0,1.0,0.0,68,3,1,1,5,At Risk,0
63-217-7638,2024-01-01,2024-01-01,1,297.29,297.29,9,9.0,4.0,1.0,0.0,347,1,1,3,5,At Risk,0
63-684-4073,2024-05-06,2024-05-06,1,331.57,331.57,11,11.0,1.0,0.0,1.0,221,1,1,3,5,At Risk,0
63-743-6962,2024-01-07,2024-01-07,1,304.79,304.79,12,12.0,4.0,1.0,1.0,341,1,1,3,5,At Risk,0
63-808-3641,2024-07-03,2024-07-03,1,222.61,222.61,3,3.0,2.0,0.0,1.0,163,2,1,2,5,At Risk,0
63-964-6954,2024-04-11,2024-04-11,1,73.19,73.19,5,5.0,5.0,0.0,2.0,246,1,1,1,3,Low Value,0
64-090-3433,2024-01-02,2024-01-02,1,251.93,251.93,8,8.0,2.0,0.0,2.0,346,1,1,2,4,Low Value,0
64-120-6212,2024-02-11,2024-02-11,1,389.47,389.47,4,4.0,3.0,1.0,1.0,306,1,1,4,6,Potential Loyalists,0
64-706-7841,2024-11-08,2024-11-08,1,320.94,320.94,11,11.0,3.0,0.0,2.0,35,3,1,3,7,Potential Loyalists,0
64-769-5737,2024-04-06,2024-04-06,1,430.75,430.75,8,8.0,4.0,0.0,1.0,251,1,1,4,6,Potential Loyalists,0
64-803-7087,2024-10-09,2024-10-09,1,251.54,251.54,9,9.0,1.0,1.0,2.0,65,3,1,2,6,Potential Loyalists,0
64-906-4475,2024-06-01,2024-06-01,1,201.53,201.53,5,5.0,3.0,0.0,1.0,195,1,1,2,4,Low Value,0
64-915-2968,2024-03-03,2024-03-03,1,427.86,427.86,11,11.0,3.0,1.0,0.0,285,1,1,4,6,Potential Loyalists,0
65-036-2410,2024-02-04,2024-02-04,1,369.73,369.73,2,2.0,2.0,1.0,0.0,313,1,1,3,5,At Risk,0
65-457-2840,2024-12-06,2024-12-06,1,292.64,292.64,5,5.0,1.0,1.0,2.0,7,4,1,3,8,Loyal,0
65-539-9955,2024-08-08,2024-08-08,1,397.25,397.25,6,6.0,2.0,0.0,1.0,127,2,1,4,7,Potential Loyalists,0
66-033-0540,2024-08-12,2024-08-12,1,93.52,93.52,2,2.0,5.0,0.0,1.0,123,2,1,1,4,Low Value,0
66-085-1226,2024-02-05,2024-02-05,1,432.84,432.84,7,7.0,5.0,0.0,0.0,312,1,1,4,6,Potential Loyalists,0
66-557-1474,2024-04-09,2024-04-09,1,82.13,82.13,9,9.0,1.0,1.0,2.0,248,1,1,1,3,Low Value,0
66-894-5431,2024-05-02,2024-05-02,1,473.77,473.77,9,9.0,1.0,0.0,2.0,225,1,1,4,6,Potential Loyalists,0
66-974-6707,2024-10-09,2024-10-09,1,228.68,228.68,3,3.0,1.0,1.0,1.0,65,3,1,2,6,Potential Loyalists,0
67-036-4295,2024-09-01,2024-09-01,1,260.14,260.14,5,5.0,2.0,1.0,1.0,103,2,1,2,5,At Risk,0
67-037-2087,2024-12-04,2024-12-04,1,485.77,485.77,10,10.0,2.0,0.0,2.0,9,4,1,4,9,Loyal,0
67-159-7366,2024-07-08,2024-07-08,1,490.75,490.75,10,10.0,4.0,0.0,1.0,158,2,1,4,7,Potential Loyalists,0
67-599-9267,2024-04-08,2024-04-08,1,164.44,164.44,5,5.0,1.0,0.0,1.0,249,1,1,1,3,Low Value,0
67-676-5945,2024-06-12,2024-06-12,1,446.69,446.69,7,7.0,5.0,0.0,1.0,184,1,1,4,6,Potential Loyalists,0
67-935-7964,2024-11-09,2024-11-09,1,205.49,205.49,4,4.0,3.0,1.0,2.0,34,3,1,2,6,Potential Loyalists,0
67-939-2463,2024-07-01,2024-07-01,1,255.42,255.42,9,9.0,5.0,1.0,1.0,165,2,1,2,5,At Risk,0
68-458-0904,2024-11-01,2024-11-01,1,131.9,131.9,8,8.0,5.0,1.0,2.0,42,3,1,1,5,At Risk,0
68-512-0568,2024-08-03,2024-08-03,1,474.03,474.03,7,7.0,1.0,1.0,0.0,132,2,1,4,7,Potential Loyalists,0
70-207-6999,2024-08-05,2024-08-05,1,383.33,383.33,6,6.0,4.0,0.0,1.0,130,2,1,3,6,Potential Loyalists,0
71-473-2656,2024-09-03,2024-09-03,1,393.03,393.03,4,4.0,4.0,1.0,1.0,101,2,1,4,7,Potential Loyalists,0
71-568-0867,2024-08-04,2024-08-04,1,256.44,256.44,8,8.0,1.0,0.0,1.0,131,2,1,2,5,At Risk,0
71-667-2334,2024-07-09,2024-07-09,1,348.5,348.5,3,3.0,3.0,0.0,0.0,157,2,1,3,6,Potential Loyalists,0
71-780-8195,2024-05-07,2024-05-07,1,212.08,212.08,8,8.0,5.0,0.0,1.0,220,1,1,2,4,Low Value,0
71-817-5422,2024-07-07,2024-07-07,1,195.46,195.46,10,10.0,3.0,1.0,0.0,159,2,1,2,5,At Risk,0
71-959-3896,2024-01-09,2024-01-09,1,98.63,98.63,7,7.0,5.0,0.0,1.0,339,1,1,1,3,Low Value,0
72-006-3769,2024-06-06,2024-06-06,1,446.11,446.11,9,9.0,1.0,1.0,0.0,190,1,1,4,6,Potential Loyalists,0
72-728-4406,2024-04-11,2024-04-11,1,143.52,143.52,9,9.0,5.0,1.0,2.0,246,1,1,1,3,Low Value,0
72-830-1211,2024-06-08,2024-06-08,1,496.11,496.11,2,2.0,3.0,1.0,2.0,188,1,1,4,6,Potential Loyalists,0
73-259-8940,2024-11-10,2024-11-10,1,315.03,315.03,4,4.0,5.0,1.0,1.0,33,3,1,3,7,Potential Loyalists,0
73-367-8478,2024-02-06,2024-02-06,1,52.79,52.79,4,4.0,2.0,1.0,1.0,311,1,1,1,3,Low Value,0
73-434-2308,2024-09-03,2024-09-03,1,388.82,388.82,10,10.0,3.0,0.0,0.0,101,2,1,4,7,Potential Loyalists,0
73-698-2326,2024-07-05,2024-07-05,1,251.8,251.8,6,6.0,1.0,1.0,1.0,161,2,1,2,5,At Risk,0
73-827-2774,2024-09-05,2024-09-05,1,305.29,305.29,3,3.0,3.0,1.0,1.0,99,2,1,3,6,Potential Loyalists,0
73-991-0066,2024-05-01,2024-05-01,1,418.51,418.51,6,6.0,4.0,0.0,2.0,226,1,1,4,6,Potential Loyalists,0
75-915-9803,2024-05-08,2024-05-08,1,192.35,192.35,11,11.0,5.0,1.0,2.0,219,1,1,2,4,Low Value,0
75-953-8663,2024-08-03,2024-08-03,1,494.18,494.18,6,6.0,5.0,0.0,1.0,132,2,1,4,7,Potential Loyalists,0
76-148-9413,2024-08-06,2024-08-06,1,111.24,111.24,9,9.0,2.0,1.0,0.0,129,2,1,1,4,Low Value,0
76-561-2427,2024-05-04,2024-05-04,1,198.45,198.45,11,11.0,5.0,1.0,2.0,223,1,1,2,4,Low Value,0
76-672-1193,2024-10-10,2024-10-10,1,111.75,111.75,4,4.0,4.0,0.0,1.0,64,3,1,1,5,At Risk,0
76-910-2337,2024-12-05,2024-12-05,1,92.43,92.43,12,12.0,1.0,0.0,2.0,8,4,1,1,6,Potential Loyalists,0
76-982-8107,2024-10-04,2024-10-04,1,85.61,85.61,2,2.0,2.0,1.0,1.0,70,3,1,1,5,At Risk,0
77-031-4898,2024-03-01,2024-03-01,1,320.5,320.5,10,10.0,4.0,1.0,0.0,287,1,1,3,5,At Risk,0
77-178-6086,2024-12-11,2024-12-11,1,332.67,332.67,8,8.0,4.0,0.0,1.0,2,4,1,3,8,Loyal,0
77-241-7621,2024-03-11,2024-03-11,1,453.37,453.37,10,10.0,1.0,1.0,0.0,277,1,1,4,6,Potential Loyalists,0
77-626-7240,2024-09-09,2024-09-09,1,86.39,86.39,5,5.0,5.0,0.0,1.0,95,2,1,1,4,Low Value,0
77-642-7686,2024-07-10,2024-07-10,1,178.61,178.61,12,12.0,1.0,1.0,0.0,156,2,1,2,5,At Risk,0
77-761-7475,2024-12-01,2024-12-01,1,204.44,204.44,2,2.0,3.0,0.0,1.0,12,4,1,2,7,Potential Loyalists,0
78-091-8662,2024-10-11,2024-10-11,1,141.63,141.63,3,3.0,1.0,1.0,1.0,63,3,1,1,5,At Risk,0
78-272-6417,2024-08-07,2024-08-07,1,163.14,163.14,5,5.0,4.0,1.0,1.0,128,2,1,1,4,Low Value,0
78-361-5100,2024-12-12,2024-12-12,1,52.24,52.24,11,11.0,1.0,1.0,2.0,1,4,1,1,6,Potential Loyalists,0
78-824-1887,2024-06-06,2024-06-06,1,121.57,121.57,4,4.0,5.0,0.0,0.0,190,1,1,1,3,Low Value,0
78-905-2660,2024-06-09,2024-06-09,1,235.32,235.32,7,7.0,1.0,0.0,1.0,187,1,1,2,4,Low Value,0
79-052-8470,2024-01-04,2024-01-04,1,303.13,303.13,2,2.0,1.0,0.0,0.0,344,1,1,3,5,At Risk,0
79-592-5396,2024-04-05,2024-04-05,1,268.59,268.59,4,4.0,3.0,1.0,1.0,252,1,1,2,4,Low Value,0
79-884-5600,2024-03-03,2024-03-03,1,245.14,245.14,4,4.0,5.0,1.0,1.0,285,1,1,2,4,Low Value,0
79-939-2140,2024-01-12,2024-01-12,1,50.78,50.78,6,6.0,1.0,0.0,1.0,336,1,1,1,3,Low Value,0
80-277-3242,2024-01-04,2024-01-04,1,342.39,342.39,8,8.0,5.0,0.0,2.0,344,1,1,3,5,At Risk,0
80-508-9866,2024-03-12,2024-03-12,1,290.56,290.56,3,3.0,1.0,1.0,1.0,276,1,1,3,5,At Risk,0
80-607-9947,2024-03-03,2024-03-03,1,439.91,439.91,5,5.0,4.0,0.0,0.0,285,1,1,4,6,Potential Loyalists,0
80-830-3184,2024-03-03,2024-03-03,1,70.3,70.3,6,6.0,5.0,1.0,1.0,285,1,1,1,3,Low Value,0
81-225-6647,2024-06-03,2024-06-03,1,120.56,120.56,5,5.0,3.0,0.0,2.0,193,1,1,1,3,Low Value,0
81-604-7906,2024-10-03,2024-10-03,1,61.71,61.71,6,6.0,5.0,0.0,2.0,71,3,1,1,5,At Risk,0
81-926-9297,2024-08-09,2024-08-09,1,193.94,193.94,11,11.0,1.0,0.0,0.0,126,2,1,2,5,At Risk,0
82-014-2564,2024-03-06,2024-03-06,1,461.34,461.34,4,4.0,1.0,0.0,1.0,282,1,1,4,6,Potential Loyalists,0
82-133-0444,2024-02-02,2024-02-02,1,436.57,436.57,4,4.0,3.0,0.0,2.0,315,1,1,4,6,Potential Loyalists,0
82-389-2029,2024-01-02,2024-01-02,1,240.82,240.82,10,10.0,3.0,1.0,0.0,346,1,1,2,4,Low Value,0
82-671-7236,2024-03-03,2024-03-03,1,494.34,494.34,12,12.0,3.0,0.0,1.0,285,1,1,4,6,Potential Loyalists,0
82-692-9306,2024-06-10,2024-06-10,1,356.22,356.22,7,7.0,5.0,0.0,1.0,186,1,1,3,5,At Risk,0
82-975-8569,2024-01-06,2024-01-06,1,128.74,128.74,12,12.0,1.0,0.0,1.0,342,1,1,1,3,Low Value,0
82-990-0504,2024-04-01,2024-04-01,1,378.87,378.87,7,7.0,2.0,1.0,1.0,256,1,1,3,5,At Risk,0
83-003-2165,2024-04-02,2024-04-02,1,437.97,437.97,8,8.0,2.0,1.0,0.0,255,1,1,4,6,Potential Loyalists,0
83-455-7266,2024-08-03,2024-08-03,1,235.84,235.84,9,9.0,2.0,0.0,2.0,132,2,1,2,5,At Risk,0
83-670-9273,2024-12-03,2024-12-03,1,245.04,245.04,4,4.0,2.0,1.0,2.0,10,4,1,2,7,Potential Loyalists,0
83-714-9649,2024-08-02,2024-08-02,1,226.53,226.53,3,3.0,1.0,1.0,1.0,133,2,1,2,5,At Risk,0
83-982-5300,2024-12-01,2024-12-01,1,310.16,310.16,5,5.0,3.0,0.0,0.0,12,4,1,3,8,Loyal,0
84-162-8799,2024-11-12,2024-11-12,1,385.08,385.08,7,7.0,4.0,0.0,1.0,31,3,1,3,7,Potential Loyalists,0
84-188-6577,2024-07-01,2024-07-01,1,163.22,163.22,8,8.0,3.0,0.0,1.0,165,2,1,1,4,Low Value,0
84-337-1016,2024-10-05,2024-10-05,1,333.32,333.32,8,8.0,5.0,1.0,0.0,69,3,1,3,7,Potential Loyalists,0
84-538-0238,2024-12-11,2024-12-11,1,466.74,466.74,7,7.0,4.0,1.0,2.0,2,4,1,4,9,Loyal,0
84-765-0748,2024-02-09,2024-02-09,1,351.36,351.36,2,2.0,3.0,0.0,2.0,308,1,1,3,5,At Risk,0
84-894-9222,2024-10-07,2024-10-07,1,418.83,418.83,7,7.0,5.0,1.0,1.0,67,3,1,4,8,Loyal,0
84-934-2483,2024-04-01,2024-04-01,1,348.63,348.63,4,4.0,2.0,0.0,0.0,256,1,1,3,5,At Risk,0
85-467-6564,2024-04-10,2024-04-10,1,495.95,495.95,5,5.0,2.0,0.0,1.0,247,1,1,4,6,Potential Loyalists,0
85-738-6864,2024-06-08,2024-06-08,1,138.88,138.88,7,7.0,4.0,1.0,1.0,188,1,1,1,3,Low Value,0
85-885-6579,2024-06-03,2024-06-03,1,346.58,346.58,6,6.0,1.0,0.0,0.0,193,1,1,3,5,At Risk,0
85-922-0190,2024-10-12,2024-10-12,1,206.32,206.32,5,5.0,3.0,1.0,0.0,62,3,1,2,6,Potential Loyalists,0
86-182-9556,2024-07-05,2024-07-05,1,210.21,210.21,4,4.0,1.0,0.0,0.0,161,2,1,2,5,At Risk,0
86-257-9581,2024-03-08,2024-03-08,1,497.76,497.76,2,2.0,2.0,1.0,2.0,280,1,1,4,6,Potential Loyalists,0
86-268-2904,2024-07-12,2024-07-12,1,158.84,158.84,6,6.0,1.0,1.0,1.0,154,2,1,1,4,Low Value,0
86-771-9082,2024-12-08,2024-12-08,1,401.75,401.75,8,8.0,4.0,0.0,1.0,5,4,1,4,9,Loyal,0
87-079-0237,2024-05-12,2024-05-12,1,207.24,207.24,9,9.0,2.0,1.0,0.0,215,1,1,2,4,Low Value,0
87-418-1400,2024-07-05,2024-07-05,1,293.43,293.43,9,9.0,4.0,0.0,0.0,161,2,1,3,6,Potential Loyalists,0
87-499-6916,2024-08-11,2024-08-11,1,439.31,439.31,4,4.0,2.0,0.0,0.0,124,2,1,4,7,Potential Loyalists,0
89-189-3295,2024-10-01,2024-10-01,1,246.41,246.41,7,7.0,4.0,1.0,2.0,73,3,1,2,6,Potential Loyalists,0
89-194-0596,2024-02-10,2024-02-10,1,354.7,354.7,5,5.0,2.0,1.0,2.0,307,1,1,3,5,At Risk,0
89-392-5002,2024-11-12,2024-11-12,1,287.95,287.95,3,3.0,3.0,1.0,2.0,31,3,1,3,7,Potential Loyalists,0
89-625-5542,2024-05-04,2024-05-04,1,269.84,269.84,4,4.0,4.0,1.0,2.0,223,1,1,2,4,Low Value,0
89-730-1134,2024-05-05,2024-05-05,1,96.18,96.18,3,3.0,4.0,0.0,1.0,222,1,1,1,3,Low Value,0
89-833-7175,2024-10-12,2024-10-12,1,209.62,209.62,12,12.0,2.0,1.0,0.0,62,3,1,2,6,Potential Loyalists,0
89-883-2101,2024-12-09,2024-12-09,1,236.99,236.99,10,10.0,4.0,1.0,0.0,4,4,1,2,7,Potential Loyalists,0
89-997-9041,2024-09-03,2024-09-03,1,358.11,358.11,11,11.0,1.0,0.0,0.0,101,2,1,3,6,Potential Loyalists,0
90-069-8934,2024-08-11,2024-08-11,1,109.29,109.29,3,3.0,4.0,0.0,2.0,124,2,1,1,4,Low Value,0
90-272-5701,2024-06-09,2024-06-09,1,327.32,327.32,6,6.0,5.0,1.0,0.0,187,1,1,3,5,At Risk,0
90-322-7329,2024-08-04,2024-08-04,1,312.93,312.93,2,2.0,2.0,1.0,0.0,131,2,1,3,6,Potential Loyalists,0
90-569-7391,2024-04-02,2024-04-02,1,197.9,197.9,11,11.0,4.0,1.0,1.0,255,1,1,2,4,Low Value,0
90-602-3583,2024-08-09,2024-08-09,1,283.78,283.78,4,4.0,4.0,1.0,0.0,126,2,1,3,6,Potential Loyalists,0
91-053-3261,2024-11-12,2024-11-12,1,435.52,435.52,9,9.0,3.0,1.0,1.0,31,3,1,4,8,Loyal,0
91-440-0011,2024-07-10,2024-07-10,1,474.99,474.99,9,9.0,4.0,1.0,0.0,156,2,1,4,7,Potential Loyalists,0
91-532-5399,2024-12-07,2024-12-07,1,295.75,295.75,4,4.0,1.0,1.0,1.0,6,4,1,3,8,Loyal,0
91-695-8237,2024-06-11,2024-06-11,1,238.58,238.58,6,6.0,2.0,1.0,2.0,185,1,1,2,4,Low Value,0
91-724-4633,2024-07-07,2024-07-07,1,146.07,146.07,7,7.0,2.0,1.0,1.0,159,2,1,1,4,Low Value,0
91-761-9492,2024-09-05,2024-09-05,1,385.32,385.32,10,10.0,1.0,1.0,0.0,99,2,1,4,7,Potential Loyalists,0
92-142-4328,2024-03-02,2024-03-02,1,492.83,492.83,5,5.0,1.0,1.0,0.0,286,1,1,4,6,Potential Loyalists,0
92-946-7398,2024-02-06,2024-02-06,1,358.72,358.72,5,5.0,5.0,1.0,0.0,311,1,1,3,5,At Risk,0
93-675-1619,2024-08-10,2024-08-10,1,203.49,203.49,7,7.0,1.0,0.0,1.0,125,2,1,2,5,At Risk,0
93-957-6269,2024-09-08,2024-09-08,1,278.49,278.49,4,4.0,5.0,1.0,1.0,96,2,1,2,5,At Risk,0
94-212-7169,2024-01-08,2024-01-08,1,339.12,339.12,2,2.0,4.0,0.0,0.0,340,1,1,3,5,At Risk,0
94-985-5336,2024-01-11,2024-01-11,1,372.6,372.6,3,3.0,5.0,1.0,2.0,337,1,1,3,5,At Risk,0
95-478-2650,2024-07-10,2024-07-10,1,461.0,461.0,7,7.0,4.0,0.0,0.0,156,2,1,4,7,Potential Loyalists,0
95-876-9757,2024-07-12,2024-07-12,1,344.43,344.43,7,7.0,5.0,1.0,2.0,154,2,1,3,6,Potential Loyalists,0
95-999-0984,2024-12-09,2024-12-09,1,159.82,159.82,2,2.0,1.0,1.0,2.0,4,4,1,1,6,Potential Loyalists,0
96-079-9597,2024-08-11,2024-08-11,1,148.98,148.98,12,12.0,1.0,1.0,0.0,124,2,1,1,4,Low Value,0
96-484-1000,2024-11-08,2024-11-08,1,258.02,258.02,2,2.0,2.0,1.0,2.0,35,3,1,2,6,Potential Loyalists,0
97-237-3483,2024-06-03,2024-06-03,1,190.25,190.25,6,6.0,2.0,0.0,2.0,193,1,1,2,4,Low Value,0
97-463-0048,2024-04-09,2024-04-09,1,302.07,302.07,6,6.0,5.0,1.0,2.0,248,1,1,3,5,At Risk,0
99-643-9845,2024-09-09,2024-09-09,1,137.75,137.75,6,6.0,3.0,0.0,0.0,95,2,1,1,4,Low Value,0
99-771-9310,2024-03-07,2024-03-07,1,399.95,399.95,10,10.0,1.0,1.0,1.0,281,1,1,4,6,Potential Loyalists,0
